"","Trials","ProbR","ID","role","cond","reward","choise","partner.choise","sender.dec","receiver.dec","phase","onset","state","event","image_name"
"1",1,25,"s34B","receiver","coop",100,1,1,"truth","trust","1",2e-04,"waiting",1,"s34B+beta+event_001+tlrc"
"2",1,25,"s34B","receiver","coop",100,1,1,"truth","trust","2",7.0002,"active",2,"s34B+beta+event_002+tlrc"
"3",1,25,"s34B","receiver","coop",100,1,1,"truth","trust","FB",14.0002,"feedback",3,"s34B+beta+event_003+tlrc"
"4",2,30,"s34B","receiver","comp",150,1,1,"truth","trust","1",23.0233,"waiting",4,"s34B+beta+event_004+tlrc"
"5",2,30,"s34B","receiver","comp",150,1,1,"truth","trust","2",30.0233,"active",5,"s34B+beta+event_005+tlrc"
"6",2,30,"s34B","receiver","comp",150,1,1,"truth","trust","FB",37.0233,"feedback",6,"s34B+beta+event_006+tlrc"
"7",3,10,"s34B","sender","coop",0,1,1,"truth","trust","1",46.0436,"active",7,"s34B+beta+event_007+tlrc"
"8",3,10,"s34B","sender","coop",0,1,1,"truth","trust","2",53.0436,"waiting",8,"s34B+beta+event_008+tlrc"
"9",3,10,"s34B","sender","coop",0,1,1,"truth","trust","FB",60.0436,"feedback",9,"s34B+beta+event_009+tlrc"
"10",4,20,"s34B","sender","comp",150,2,2,"lie","trust","1",69.0637,"active",10,"s34B+beta+event_010+tlrc"
"11",4,20,"s34B","sender","comp",150,2,2,"lie","trust","2",76.0637,"waiting",11,"s34B+beta+event_011+tlrc"
"12",4,20,"s34B","sender","comp",150,2,2,"lie","trust","FB",83.0637,"feedback",12,"s34B+beta+event_012+tlrc"
"13",5,75,"s34B","receiver","coop",100,2,2,"truth","trust","1",90.0869,"waiting",13,"s34B+beta+event_013+tlrc"
"14",5,75,"s34B","receiver","coop",100,2,2,"truth","trust","2",97.0869,"active",14,"s34B+beta+event_014+tlrc"
"15",5,75,"s34B","receiver","coop",100,2,2,"truth","trust","FB",104.0869,"feedback",15,"s34B+beta+event_015+tlrc"
"16",6,85,"s34B","receiver","comp",0,1,1,"lie","trust","1",113.1257,"waiting",16,"s34B+beta+event_016+tlrc"
"17",6,85,"s34B","receiver","comp",0,1,1,"lie","trust","2",120.1257,"active",17,"s34B+beta+event_017+tlrc"
"18",6,85,"s34B","receiver","comp",0,1,1,"lie","trust","FB",127.1257,"feedback",18,"s34B+beta+event_018+tlrc"
"19",7,65,"s34B","sender","coop",0,1,1,"lie","trust","1",133.1449,"active",19,"s34B+beta+event_019+tlrc"
"20",7,65,"s34B","sender","coop",0,1,1,"lie","trust","2",140.1449,"waiting",20,"s34B+beta+event_020+tlrc"
"21",7,65,"s34B","sender","coop",0,1,1,"lie","trust","FB",147.1449,"feedback",21,"s34B+beta+event_021+tlrc"
"22",8,85,"s34B","sender","comp",0,2,2,"truth","trust","1",157.1618,"active",22,"s34B+beta+event_022+tlrc"
"23",8,85,"s34B","sender","comp",0,2,2,"truth","trust","2",164.1618,"waiting",23,"s34B+beta+event_023+tlrc"
"24",8,85,"s34B","sender","comp",0,2,2,"truth","trust","FB",171.1618,"feedback",24,"s34B+beta+event_024+tlrc"
"25",9,70,"s34B","receiver","coop",0,0,2,"truth","doubt","1",182.1786,"waiting",25,"s34B+beta+event_025+tlrc"
"26",9,70,"s34B","receiver","coop",0,0,2,"truth","doubt","2",189.1786,"active",26,"s34B+beta+event_026+tlrc"
"27",9,70,"s34B","receiver","coop",0,0,2,"truth","doubt","FB",196.1786,"feedback",27,"s34B+beta+event_027+tlrc"
"28",10,15,"s34B","receiver","comp",150,1,1,"truth","trust","1",205.1957,"waiting",28,"s34B+beta+event_028+tlrc"
"29",10,15,"s34B","receiver","comp",150,1,1,"truth","trust","2",212.1957,"active",29,"s34B+beta+event_029+tlrc"
"30",10,15,"s34B","receiver","comp",150,1,1,"truth","trust","FB",219.1957,"feedback",30,"s34B+beta+event_030+tlrc"
"31",11,60,"s34B","sender","coop",100,2,2,"truth","trust","1",228.2126,"active",31,"s34B+beta+event_031+tlrc"
"32",11,60,"s34B","sender","coop",100,2,2,"truth","trust","2",235.2126,"waiting",32,"s34B+beta+event_032+tlrc"
"33",11,60,"s34B","sender","coop",100,2,2,"truth","trust","FB",242.2126,"feedback",33,"s34B+beta+event_033+tlrc"
"34",12,20,"s34B","sender","comp",0,1,1,"truth","trust","1",251.2311,"active",34,"s34B+beta+event_034+tlrc"
"35",12,20,"s34B","sender","comp",0,1,1,"truth","trust","2",258.2311,"waiting",35,"s34B+beta+event_035+tlrc"
"36",12,20,"s34B","sender","comp",0,1,1,"truth","trust","FB",265.2311,"feedback",36,"s34B+beta+event_036+tlrc"
"37",13,80,"s34B","receiver","coop",100,2,2,"truth","trust","1",275.249,"waiting",37,"s34B+beta+event_037+tlrc"
"38",13,80,"s34B","receiver","coop",100,2,2,"truth","trust","2",282.249,"active",38,"s34B+beta+event_038+tlrc"
"39",13,80,"s34B","receiver","coop",100,2,2,"truth","trust","FB",289.249,"feedback",39,"s34B+beta+event_039+tlrc"
"40",14,40,"s34B","receiver","comp",0,2,2,"lie","trust","1",299.2667,"waiting",40,"s34B+beta+event_040+tlrc"
"41",14,40,"s34B","receiver","comp",0,2,2,"lie","trust","2",306.2667,"active",41,"s34B+beta+event_041+tlrc"
"42",14,40,"s34B","receiver","comp",0,2,2,"lie","trust","FB",313.2667,"feedback",42,"s34B+beta+event_042+tlrc"
"43",15,30,"s34B","sender","coop",0,2,2,"lie","trust","1",320.2858,"active",43,"s34B+beta+event_043+tlrc"
"44",15,30,"s34B","sender","coop",0,2,2,"lie","trust","2",327.2858,"waiting",44,"s34B+beta+event_044+tlrc"
"45",15,30,"s34B","sender","coop",0,2,2,"lie","trust","FB",334.2858,"feedback",45,"s34B+beta+event_045+tlrc"
"46",16,10,"s34B","sender","comp",0,1,1,"truth","trust","1",345.3039,"active",46,"s34B+beta+event_046+tlrc"
"47",16,10,"s34B","sender","comp",0,1,1,"truth","trust","2",352.3039,"waiting",47,"s34B+beta+event_047+tlrc"
"48",16,10,"s34B","sender","comp",0,1,1,"truth","trust","FB",359.3039,"feedback",48,"s34B+beta+event_048+tlrc"
"49",17,80,"s34B","receiver","coop",0,2,2,"truth","trust","1",369.3213,"waiting",49,"s34B+beta+event_049+tlrc"
"50",17,80,"s34B","receiver","coop",0,2,2,"truth","trust","2",376.3213,"active",50,"s34B+beta+event_050+tlrc"
"51",17,80,"s34B","receiver","coop",0,2,2,"truth","trust","FB",383.3213,"feedback",51,"s34B+beta+event_051+tlrc"
"52",18,75,"s34B","receiver","comp",0,0,0,NA,"trust","1",388.3408,"waiting",52,"s34B+beta+event_052+tlrc"
"53",18,75,"s34B","receiver","comp",0,0,0,NA,"trust","2",395.3408,"active",53,"s34B+beta+event_053+tlrc"
"54",18,75,"s34B","receiver","comp",0,0,0,NA,"trust","FB",402.3408,"feedback",54,"s34B+beta+event_054+tlrc"
"55",19,65,"s34B","sender","coop",0,2,2,"truth","trust","1",410.3584,"active",55,"s34B+beta+event_055+tlrc"
"56",19,65,"s34B","sender","coop",0,2,2,"truth","trust","2",417.3584,"waiting",56,"s34B+beta+event_056+tlrc"
"57",19,65,"s34B","sender","coop",0,2,2,"truth","trust","FB",424.3584,"feedback",57,"s34B+beta+event_057+tlrc"
"58",20,60,"s34B","sender","comp",150,1,1,"lie","trust","1",434.378,"active",58,"s34B+beta+event_058+tlrc"
"59",20,60,"s34B","sender","comp",150,1,1,"lie","trust","2",441.378,"waiting",59,"s34B+beta+event_059+tlrc"
"60",20,60,"s34B","sender","comp",150,1,1,"lie","trust","FB",448.378,"feedback",60,"s34B+beta+event_060+tlrc"
"61",21,90,"s34B","receiver","coop",100,2,2,"truth","trust","1",455.3953,"waiting",61,"s34B+beta+event_061+tlrc"
"62",21,90,"s34B","receiver","coop",100,2,2,"truth","trust","2",462.3953,"active",62,"s34B+beta+event_062+tlrc"
"63",21,90,"s34B","receiver","coop",100,2,2,"truth","trust","FB",469.3953,"feedback",63,"s34B+beta+event_063+tlrc"
"64",22,90,"s34B","receiver","comp",0,1,2,"truth","doubt","1",477.4126,"waiting",64,"s34B+beta+event_064+tlrc"
"65",22,90,"s34B","receiver","comp",0,1,2,"truth","doubt","2",484.4126,"active",65,"s34B+beta+event_065+tlrc"
"66",22,90,"s34B","receiver","comp",0,1,2,"truth","doubt","FB",491.4126,"feedback",66,"s34B+beta+event_066+tlrc"
"67",23,15,"s34B","sender","coop",100,1,1,"truth","trust","1",499.4321,"active",67,"s34B+beta+event_067+tlrc"
"68",23,15,"s34B","sender","coop",100,1,1,"truth","trust","2",506.4321,"waiting",68,"s34B+beta+event_068+tlrc"
"69",23,15,"s34B","sender","coop",100,1,1,"truth","trust","FB",513.4321,"feedback",69,"s34B+beta+event_069+tlrc"
"70",24,25,"s34B","sender","comp",150,1,2,"truth","doubt","1",521.4497,"active",70,"s34B+beta+event_070+tlrc"
"71",24,25,"s34B","sender","comp",150,1,2,"truth","doubt","2",528.4497,"waiting",71,"s34B+beta+event_071+tlrc"
"72",24,25,"s34B","sender","comp",150,1,2,"truth","doubt","FB",535.4497,"feedback",72,"s34B+beta+event_072+tlrc"
"73",25,70,"s34B","receiver","coop",100,2,2,"truth","trust","1",543.4682,"waiting",73,"s34B+beta+event_073+tlrc"
"74",25,70,"s34B","receiver","coop",100,2,2,"truth","trust","2",550.4682,"active",74,"s34B+beta+event_074+tlrc"
"75",25,70,"s34B","receiver","coop",100,2,2,"truth","trust","FB",557.4682,"feedback",75,"s34B+beta+event_075+tlrc"
"76",26,35,"s34B","receiver","comp",0,2,2,"lie","trust","1",563.4889,"waiting",76,"s34B+beta+event_076+tlrc"
"77",26,35,"s34B","receiver","comp",0,2,2,"lie","trust","2",570.4889,"active",77,"s34B+beta+event_077+tlrc"
"78",26,35,"s34B","receiver","comp",0,2,2,"lie","trust","FB",577.4889,"feedback",78,"s34B+beta+event_078+tlrc"
"79",27,40,"s34B","sender","coop",100,1,1,"truth","trust","1",583.5075,"active",79,"s34B+beta+event_079+tlrc"
"80",27,40,"s34B","sender","coop",100,1,1,"truth","trust","2",590.5075,"waiting",80,"s34B+beta+event_080+tlrc"
"81",27,40,"s34B","sender","coop",100,1,1,"truth","trust","FB",597.5075,"feedback",81,"s34B+beta+event_081+tlrc"
"82",28,35,"s34B","sender","comp",150,2,1,"lie","doubt","1",604.5265,"active",82,"s34B+beta+event_082+tlrc"
"83",28,35,"s34B","sender","comp",150,2,1,"lie","doubt","2",611.5265,"waiting",83,"s34B+beta+event_083+tlrc"
"84",28,35,"s34B","sender","comp",150,2,1,"lie","doubt","FB",618.5265,"feedback",84,"s34B+beta+event_084+tlrc"
"85",29,40,"s34B","receiver","coop",100,1,1,"truth","trust","1",650.0002,"waiting",85,"s34B+beta+event_085+tlrc"
"86",29,40,"s34B","receiver","coop",100,1,1,"truth","trust","2",657.0002,"active",86,"s34B+beta+event_086+tlrc"
"87",29,40,"s34B","receiver","coop",100,1,1,"truth","trust","FB",664.0002,"feedback",87,"s34B+beta+event_087+tlrc"
"88",30,60,"s34B","receiver","comp",0,1,1,"lie","trust","1",670.0227,"waiting",88,"s34B+beta+event_088+tlrc"
"89",30,60,"s34B","receiver","comp",0,1,1,"lie","trust","2",677.0227,"active",89,"s34B+beta+event_089+tlrc"
"90",30,60,"s34B","receiver","comp",0,1,1,"lie","trust","FB",684.0227,"feedback",90,"s34B+beta+event_090+tlrc"
"91",31,40,"s34B","sender","coop",0,1,1,"truth","trust","1",690.0431,"active",91,"s34B+beta+event_091+tlrc"
"92",31,40,"s34B","sender","coop",0,1,1,"truth","trust","2",697.0431,"waiting",92,"s34B+beta+event_092+tlrc"
"93",31,40,"s34B","sender","coop",0,1,1,"truth","trust","FB",704.0431,"feedback",93,"s34B+beta+event_093+tlrc"
"94",32,70,"s34B","sender","comp",0,2,2,"truth","trust","1",714.0631,"active",94,"s34B+beta+event_094+tlrc"
"95",32,70,"s34B","sender","comp",0,2,2,"truth","trust","2",721.0631,"waiting",95,"s34B+beta+event_095+tlrc"
"96",32,70,"s34B","sender","comp",0,2,2,"truth","trust","FB",728.0631,"feedback",96,"s34B+beta+event_096+tlrc"
"97",33,10,"s34B","receiver","coop",100,1,1,"truth","trust","1",736.0859,"waiting",97,"s34B+beta+event_097+tlrc"
"98",33,10,"s34B","receiver","coop",100,1,1,"truth","trust","2",743.0859,"active",98,"s34B+beta+event_098+tlrc"
"99",33,10,"s34B","receiver","coop",100,1,1,"truth","trust","FB",750.0859,"feedback",99,"s34B+beta+event_099+tlrc"
"100",34,25,"s34B","receiver","comp",150,1,2,"lie","doubt","1",757.1213,"waiting",100,"s34B+beta+event_100+tlrc"
"101",34,25,"s34B","receiver","comp",150,1,2,"lie","doubt","2",764.1213,"active",101,"s34B+beta+event_101+tlrc"
"102",34,25,"s34B","receiver","comp",150,1,2,"lie","doubt","FB",771.1213,"feedback",102,"s34B+beta+event_102+tlrc"
"103",35,70,"s34B","sender","coop",100,2,2,"truth","trust","1",783.1392,"active",103,"s34B+beta+event_103+tlrc"
"104",35,70,"s34B","sender","coop",100,2,2,"truth","trust","2",790.1392,"waiting",104,"s34B+beta+event_104+tlrc"
"105",35,70,"s34B","sender","coop",100,2,2,"truth","trust","FB",797.1392,"feedback",105,"s34B+beta+event_105+tlrc"
"106",36,35,"s34B","sender","comp",150,2,2,"lie","trust","1",805.1584,"active",106,"s34B+beta+event_106+tlrc"
"107",36,35,"s34B","sender","comp",150,2,2,"lie","trust","2",812.1584,"waiting",107,"s34B+beta+event_107+tlrc"
"108",36,35,"s34B","sender","comp",150,2,2,"lie","trust","FB",819.1584,"feedback",108,"s34B+beta+event_108+tlrc"
"109",37,20,"s34B","receiver","coop",100,1,1,"truth","trust","1",827.1754,"waiting",109,"s34B+beta+event_109+tlrc"
"110",37,20,"s34B","receiver","coop",100,1,1,"truth","trust","2",834.1754,"active",110,"s34B+beta+event_110+tlrc"
"111",37,20,"s34B","receiver","coop",100,1,1,"truth","trust","FB",841.1754,"feedback",111,"s34B+beta+event_111+tlrc"
"112",38,80,"s34B","receiver","comp",150,2,2,"truth","trust","1",850.1949,"waiting",112,"s34B+beta+event_112+tlrc"
"113",38,80,"s34B","receiver","comp",150,2,2,"truth","trust","2",857.1949,"active",113,"s34B+beta+event_113+tlrc"
"114",38,80,"s34B","receiver","comp",150,2,2,"truth","trust","FB",864.1949,"feedback",114,"s34B+beta+event_114+tlrc"
"115",39,90,"s34B","sender","coop",100,2,2,"truth","trust","1",872.2126,"active",115,"s34B+beta+event_115+tlrc"
"116",39,90,"s34B","sender","coop",100,2,2,"truth","trust","2",879.2126,"waiting",116,"s34B+beta+event_116+tlrc"
"117",39,90,"s34B","sender","coop",100,2,2,"truth","trust","FB",886.2126,"feedback",117,"s34B+beta+event_117+tlrc"
"118",40,30,"s34B","sender","comp",150,1,2,"truth","doubt","1",893.2302,"active",118,"s34B+beta+event_118+tlrc"
"119",40,30,"s34B","sender","comp",150,1,2,"truth","doubt","2",900.2302,"waiting",119,"s34B+beta+event_119+tlrc"
"120",40,30,"s34B","sender","comp",150,1,2,"truth","doubt","FB",907.2302,"feedback",120,"s34B+beta+event_120+tlrc"
"121",41,75,"s34B","receiver","coop",0,2,2,"truth","trust","1",916.2503,"waiting",121,"s34B+beta+event_121+tlrc"
"122",41,75,"s34B","receiver","coop",0,2,2,"truth","trust","2",923.2503,"active",122,"s34B+beta+event_122+tlrc"
"123",41,75,"s34B","receiver","coop",0,2,2,"truth","trust","FB",930.2503,"feedback",123,"s34B+beta+event_123+tlrc"
"124",42,85,"s34B","receiver","comp",150,2,2,"truth","trust","1",941.2682,"waiting",124,"s34B+beta+event_124+tlrc"
"125",42,85,"s34B","receiver","comp",150,2,2,"truth","trust","2",948.2682,"active",125,"s34B+beta+event_125+tlrc"
"126",42,85,"s34B","receiver","comp",150,2,2,"truth","trust","FB",955.2682,"feedback",126,"s34B+beta+event_126+tlrc"
"127",43,10,"s34B","sender","coop",100,1,1,"truth","trust","1",962.2862,"active",127,"s34B+beta+event_127+tlrc"
"128",43,10,"s34B","sender","coop",100,1,1,"truth","trust","2",969.2862,"waiting",128,"s34B+beta+event_128+tlrc"
"129",43,10,"s34B","sender","coop",100,1,1,"truth","trust","FB",976.2862,"feedback",129,"s34B+beta+event_129+tlrc"
"130",44,85,"s34B","sender","comp",150,2,2,"truth","trust","1",984.307,"active",130,"s34B+beta+event_130+tlrc"
"131",44,85,"s34B","sender","comp",150,2,2,"truth","trust","2",991.307,"waiting",131,"s34B+beta+event_131+tlrc"
"132",44,85,"s34B","sender","comp",150,2,2,"truth","trust","FB",998.307,"feedback",132,"s34B+beta+event_132+tlrc"
"133",45,15,"s34B","receiver","coop",100,1,1,"truth","trust","1",1007.3256,"waiting",133,"s34B+beta+event_133+tlrc"
"134",45,15,"s34B","receiver","coop",100,1,1,"truth","trust","2",1014.3256,"active",134,"s34B+beta+event_134+tlrc"
"135",45,15,"s34B","receiver","coop",100,1,1,"truth","trust","FB",1021.3256,"feedback",135,"s34B+beta+event_135+tlrc"
"136",46,65,"s34B","receiver","comp",150,2,1,"lie","doubt","1",1030.3454,"waiting",136,"s34B+beta+event_136+tlrc"
"137",46,65,"s34B","receiver","comp",150,2,1,"lie","doubt","2",1037.3454,"active",137,"s34B+beta+event_137+tlrc"
"138",46,65,"s34B","receiver","comp",150,2,1,"lie","doubt","FB",1044.3454,"feedback",138,"s34B+beta+event_138+tlrc"
"139",47,25,"s34B","sender","coop",100,1,1,"truth","trust","1",1055.3635,"active",139,"s34B+beta+event_139+tlrc"
"140",47,25,"s34B","sender","coop",100,1,1,"truth","trust","2",1062.3635,"waiting",140,"s34B+beta+event_140+tlrc"
"141",47,25,"s34B","sender","coop",100,1,1,"truth","trust","FB",1069.3635,"feedback",141,"s34B+beta+event_141+tlrc"
"142",48,90,"s34B","sender","comp",150,2,1,"truth","doubt","1",1074.3814,"active",142,"s34B+beta+event_142+tlrc"
"143",48,90,"s34B","sender","comp",150,2,1,"truth","doubt","2",1081.3814,"waiting",143,"s34B+beta+event_143+tlrc"
"144",48,90,"s34B","sender","comp",150,2,1,"truth","doubt","FB",1088.3814,"feedback",144,"s34B+beta+event_144+tlrc"
"145",49,65,"s34B","receiver","coop",100,2,2,"truth","trust","1",1097.4014,"waiting",145,"s34B+beta+event_145+tlrc"
"146",49,65,"s34B","receiver","coop",100,2,2,"truth","trust","2",1104.4014,"active",146,"s34B+beta+event_146+tlrc"
"147",49,65,"s34B","receiver","coop",100,2,2,"truth","trust","FB",1111.4014,"feedback",147,"s34B+beta+event_147+tlrc"
"148",50,15,"s34B","receiver","comp",0,2,1,"truth","doubt","1",1118.4195,"waiting",148,"s34B+beta+event_148+tlrc"
"149",50,15,"s34B","receiver","comp",0,2,1,"truth","doubt","2",1125.4195,"active",149,"s34B+beta+event_149+tlrc"
"150",50,15,"s34B","receiver","comp",0,2,1,"truth","doubt","FB",1132.4195,"feedback",150,"s34B+beta+event_150+tlrc"
"151",51,60,"s34B","sender","coop",0,2,2,"truth","trust","1",1142.4381,"active",151,"s34B+beta+event_151+tlrc"
"152",51,60,"s34B","sender","coop",0,2,2,"truth","trust","2",1149.4381,"waiting",152,"s34B+beta+event_152+tlrc"
"153",51,60,"s34B","sender","coop",0,2,2,"truth","trust","FB",1156.4381,"feedback",153,"s34B+beta+event_153+tlrc"
"154",52,30,"s34B","sender","comp",150,2,2,"lie","trust","1",1166.4562,"active",154,"s34B+beta+event_154+tlrc"
"155",52,30,"s34B","sender","comp",150,2,2,"lie","trust","2",1173.4562,"waiting",155,"s34B+beta+event_155+tlrc"
"156",52,30,"s34B","sender","comp",150,2,2,"lie","trust","FB",1180.4562,"feedback",156,"s34B+beta+event_156+tlrc"
"157",53,75,"s34B","receiver","coop",100,2,2,"truth","trust","1",1190.475,"waiting",157,"s34B+beta+event_157+tlrc"
"158",53,75,"s34B","receiver","coop",100,2,2,"truth","trust","2",1197.475,"active",158,"s34B+beta+event_158+tlrc"
"159",53,75,"s34B","receiver","coop",100,2,2,"truth","trust","FB",1204.475,"feedback",159,"s34B+beta+event_159+tlrc"
"160",54,80,"s34B","receiver","comp",150,2,2,"truth","trust","1",1213.4958,"waiting",160,"s34B+beta+event_160+tlrc"
"161",54,80,"s34B","receiver","comp",150,2,2,"truth","trust","2",1220.4958,"active",161,"s34B+beta+event_161+tlrc"
"162",54,80,"s34B","receiver","comp",150,2,2,"truth","trust","FB",1227.4958,"feedback",162,"s34B+beta+event_162+tlrc"
"163",55,20,"s34B","sender","coop",100,1,1,"truth","trust","1",1236.5145,"active",163,"s34B+beta+event_163+tlrc"
"164",55,20,"s34B","sender","coop",100,1,1,"truth","trust","2",1243.5145,"waiting",164,"s34B+beta+event_164+tlrc"
"165",55,20,"s34B","sender","coop",100,1,1,"truth","trust","FB",1250.5145,"feedback",165,"s34B+beta+event_165+tlrc"
"166",56,35,"s34B","sender","comp",150,2,2,"lie","trust","1",1256.5339,"active",166,"s34B+beta+event_166+tlrc"
"167",56,35,"s34B","sender","comp",150,2,2,"lie","trust","2",1263.5339,"waiting",167,"s34B+beta+event_167+tlrc"
"168",56,35,"s34B","sender","comp",150,2,2,"lie","trust","FB",1270.5339,"feedback",168,"s34B+beta+event_168+tlrc"
"169",57,40,"s34B","receiver","coop",0,1,1,"truth","trust","1",1300.0002,"waiting",169,"s34B+beta+event_169+tlrc"
"170",57,40,"s34B","receiver","coop",0,1,1,"truth","trust","2",1307.0002,"active",170,"s34B+beta+event_170+tlrc"
"171",57,40,"s34B","receiver","coop",0,1,1,"truth","trust","FB",1314.0002,"feedback",171,"s34B+beta+event_171+tlrc"
"172",58,65,"s34B","receiver","comp",0,2,1,"lie","doubt","1",1320.0218,"waiting",172,"s34B+beta+event_172+tlrc"
"173",58,65,"s34B","receiver","comp",0,2,1,"lie","doubt","2",1327.0218,"active",173,"s34B+beta+event_173+tlrc"
"174",58,65,"s34B","receiver","comp",0,2,1,"lie","doubt","FB",1334.0218,"feedback",174,"s34B+beta+event_174+tlrc"
"175",59,10,"s34B","sender","coop",100,1,1,"truth","trust","1",1343.0438,"active",175,"s34B+beta+event_175+tlrc"
"176",59,10,"s34B","sender","coop",100,1,1,"truth","trust","2",1350.0438,"waiting",176,"s34B+beta+event_176+tlrc"
"177",59,10,"s34B","sender","coop",100,1,1,"truth","trust","FB",1357.0438,"feedback",177,"s34B+beta+event_177+tlrc"
"178",60,90,"s34B","sender","comp",150,1,1,"lie","trust","1",1366.064,"active",178,"s34B+beta+event_178+tlrc"
"179",60,90,"s34B","sender","comp",150,1,1,"lie","trust","2",1373.064,"waiting",179,"s34B+beta+event_179+tlrc"
"180",60,90,"s34B","sender","comp",150,1,1,"lie","trust","FB",1380.064,"feedback",180,"s34B+beta+event_180+tlrc"
"181",61,40,"s34B","receiver","coop",100,1,1,"truth","trust","1",1389.0868,"waiting",181,"s34B+beta+event_181+tlrc"
"182",61,40,"s34B","receiver","coop",100,1,1,"truth","trust","2",1396.0868,"active",182,"s34B+beta+event_182+tlrc"
"183",61,40,"s34B","receiver","coop",100,1,1,"truth","trust","FB",1403.0868,"feedback",183,"s34B+beta+event_183+tlrc"
"184",62,70,"s34B","receiver","comp",0,1,2,"truth","doubt","1",1411.126,"waiting",184,"s34B+beta+event_184+tlrc"
"185",62,70,"s34B","receiver","comp",0,1,2,"truth","doubt","2",1418.126,"active",185,"s34B+beta+event_185+tlrc"
"186",62,70,"s34B","receiver","comp",0,1,2,"truth","doubt","FB",1425.126,"feedback",186,"s34B+beta+event_186+tlrc"
"187",63,25,"s34B","sender","coop",100,1,1,"truth","trust","1",1435.144,"active",187,"s34B+beta+event_187+tlrc"
"188",63,25,"s34B","sender","coop",100,1,1,"truth","trust","2",1442.144,"waiting",188,"s34B+beta+event_188+tlrc"
"189",63,25,"s34B","sender","coop",100,1,1,"truth","trust","FB",1449.144,"feedback",189,"s34B+beta+event_189+tlrc"
"190",64,65,"s34B","sender","comp",0,2,2,"truth","trust","1",1461.1637,"active",190,"s34B+beta+event_190+tlrc"
"191",64,65,"s34B","sender","comp",0,2,2,"truth","trust","2",1468.1637,"waiting",191,"s34B+beta+event_191+tlrc"
"192",64,65,"s34B","sender","comp",0,2,2,"truth","trust","FB",1475.1637,"feedback",192,"s34B+beta+event_192+tlrc"
"193",65,35,"s34B","receiver","coop",0,1,1,"truth","trust","1",1483.1809,"waiting",193,"s34B+beta+event_193+tlrc"
"194",65,35,"s34B","receiver","coop",0,1,1,"truth","trust","2",1490.1809,"active",194,"s34B+beta+event_194+tlrc"
"195",65,35,"s34B","receiver","coop",0,1,1,"truth","trust","FB",1497.1809,"feedback",195,"s34B+beta+event_195+tlrc"
"196",66,80,"s34B","receiver","comp",150,2,2,"truth","trust","1",1504.1997,"waiting",196,"s34B+beta+event_196+tlrc"
"197",66,80,"s34B","receiver","comp",150,2,2,"truth","trust","2",1511.1997,"active",197,"s34B+beta+event_197+tlrc"
"198",66,80,"s34B","receiver","comp",150,2,2,"truth","trust","FB",1518.1997,"feedback",198,"s34B+beta+event_198+tlrc"
"199",67,90,"s34B","sender","coop",100,2,2,"truth","trust","1",1529.2171,"active",199,"s34B+beta+event_199+tlrc"
"200",67,90,"s34B","sender","coop",100,2,2,"truth","trust","2",1536.2171,"waiting",200,"s34B+beta+event_200+tlrc"
"201",67,90,"s34B","sender","coop",100,2,2,"truth","trust","FB",1543.2171,"feedback",201,"s34B+beta+event_201+tlrc"
"202",68,85,"s34B","sender","comp",150,1,1,"lie","trust","1",1550.2348,"active",202,"s34B+beta+event_202+tlrc"
"203",68,85,"s34B","sender","comp",150,1,1,"lie","trust","2",1557.2348,"waiting",203,"s34B+beta+event_203+tlrc"
"204",68,85,"s34B","sender","comp",150,1,1,"lie","trust","FB",1564.2348,"feedback",204,"s34B+beta+event_204+tlrc"
"205",69,15,"s34B","receiver","coop",100,1,1,"truth","trust","1",1574.2549,"waiting",205,"s34B+beta+event_205+tlrc"
"206",69,15,"s34B","receiver","coop",100,1,1,"truth","trust","2",1581.2549,"active",206,"s34B+beta+event_206+tlrc"
"207",69,15,"s34B","receiver","coop",100,1,1,"truth","trust","FB",1588.2549,"feedback",207,"s34B+beta+event_207+tlrc"
"208",70,60,"s34B","receiver","comp",0,1,2,"truth","doubt","1",1598.2733,"waiting",208,"s34B+beta+event_208+tlrc"
"209",70,60,"s34B","receiver","comp",0,1,2,"truth","doubt","2",1605.2733,"active",209,"s34B+beta+event_209+tlrc"
"210",70,60,"s34B","receiver","comp",0,1,2,"truth","doubt","FB",1612.2733,"feedback",210,"s34B+beta+event_210+tlrc"
"211",71,75,"s34B","sender","coop",100,2,2,"truth","trust","1",1619.2912,"active",211,"s34B+beta+event_211+tlrc"
"212",71,75,"s34B","sender","coop",100,2,2,"truth","trust","2",1626.2912,"waiting",212,"s34B+beta+event_212+tlrc"
"213",71,75,"s34B","sender","coop",100,2,2,"truth","trust","FB",1633.2912,"feedback",213,"s34B+beta+event_213+tlrc"
"214",72,20,"s34B","sender","comp",150,1,1,"truth","trust","1",1643.311,"active",214,"s34B+beta+event_214+tlrc"
"215",72,20,"s34B","sender","comp",150,1,1,"truth","trust","2",1650.311,"waiting",215,"s34B+beta+event_215+tlrc"
"216",72,20,"s34B","sender","comp",150,1,1,"truth","trust","FB",1657.311,"feedback",216,"s34B+beta+event_216+tlrc"
"217",73,75,"s34B","receiver","coop",0,2,2,"truth","trust","1",1665.3286,"waiting",217,"s34B+beta+event_217+tlrc"
"218",73,75,"s34B","receiver","coop",0,2,2,"truth","trust","2",1672.3286,"active",218,"s34B+beta+event_218+tlrc"
"219",73,75,"s34B","receiver","coop",0,2,2,"truth","trust","FB",1679.3286,"feedback",219,"s34B+beta+event_219+tlrc"
"220",74,25,"s34B","receiver","comp",150,1,1,"truth","trust","1",1687.3484,"waiting",220,"s34B+beta+event_220+tlrc"
"221",74,25,"s34B","receiver","comp",150,1,1,"truth","trust","2",1694.3484,"active",221,"s34B+beta+event_221+tlrc"
"222",74,25,"s34B","receiver","comp",150,1,1,"truth","trust","FB",1701.3484,"feedback",222,"s34B+beta+event_222+tlrc"
"223",75,30,"s34B","sender","coop",100,1,1,"truth","trust","1",1711.3665,"active",223,"s34B+beta+event_223+tlrc"
"224",75,30,"s34B","sender","coop",100,1,1,"truth","trust","2",1718.3665,"waiting",224,"s34B+beta+event_224+tlrc"
"225",75,30,"s34B","sender","coop",100,1,1,"truth","trust","FB",1725.3665,"feedback",225,"s34B+beta+event_225+tlrc"
"226",76,10,"s34B","sender","comp",0,1,1,"truth","trust","1",1732.3844,"active",226,"s34B+beta+event_226+tlrc"
"227",76,10,"s34B","sender","comp",0,1,1,"truth","trust","2",1739.3844,"waiting",227,"s34B+beta+event_227+tlrc"
"228",76,10,"s34B","sender","comp",0,1,1,"truth","trust","FB",1746.3844,"feedback",228,"s34B+beta+event_228+tlrc"
"229",77,70,"s34B","receiver","coop",0,1,2,"truth","doubt","1",1754.4043,"waiting",229,"s34B+beta+event_229+tlrc"
"230",77,70,"s34B","receiver","coop",0,1,2,"truth","doubt","2",1761.4043,"active",230,"s34B+beta+event_230+tlrc"
"231",77,70,"s34B","receiver","coop",0,1,2,"truth","doubt","FB",1768.4043,"feedback",231,"s34B+beta+event_231+tlrc"
"232",78,60,"s34B","receiver","comp",0,1,2,"truth","doubt","1",1774.4216,"waiting",232,"s34B+beta+event_232+tlrc"
"233",78,60,"s34B","receiver","comp",0,1,2,"truth","doubt","2",1781.4216,"active",233,"s34B+beta+event_233+tlrc"
"234",78,60,"s34B","receiver","comp",0,1,2,"truth","doubt","FB",1788.4216,"feedback",234,"s34B+beta+event_234+tlrc"
"235",79,20,"s34B","sender","coop",100,1,1,"truth","trust","1",1799.4398,"active",235,"s34B+beta+event_235+tlrc"
"236",79,20,"s34B","sender","coop",100,1,1,"truth","trust","2",1806.4398,"waiting",236,"s34B+beta+event_236+tlrc"
"237",79,20,"s34B","sender","coop",100,1,1,"truth","trust","FB",1813.4398,"feedback",237,"s34B+beta+event_237+tlrc"
"238",80,35,"s34B","sender","comp",150,2,2,"lie","trust","1",1819.4605,"active",238,"s34B+beta+event_238+tlrc"
"239",80,35,"s34B","sender","comp",150,2,2,"lie","trust","2",1826.4605,"waiting",239,"s34B+beta+event_239+tlrc"
"240",80,35,"s34B","sender","comp",150,2,2,"lie","trust","FB",1833.4605,"feedback",240,"s34B+beta+event_240+tlrc"
"241",81,30,"s34B","receiver","coop",100,1,1,"truth","trust","1",1842.479,"waiting",241,"s34B+beta+event_241+tlrc"
"242",81,30,"s34B","receiver","coop",100,1,1,"truth","trust","2",1849.479,"active",242,"s34B+beta+event_242+tlrc"
"243",81,30,"s34B","receiver","coop",100,1,1,"truth","trust","FB",1856.479,"feedback",243,"s34B+beta+event_243+tlrc"
"244",82,80,"s34B","receiver","comp",150,2,2,"truth","trust","1",1865.4989,"waiting",244,"s34B+beta+event_244+tlrc"
"245",82,80,"s34B","receiver","comp",150,2,2,"truth","trust","2",1872.4989,"active",245,"s34B+beta+event_245+tlrc"
"246",82,80,"s34B","receiver","comp",150,2,2,"truth","trust","FB",1879.4989,"feedback",246,"s34B+beta+event_246+tlrc"
"247",83,15,"s34B","sender","coop",100,1,1,"truth","trust","1",1884.5169,"active",247,"s34B+beta+event_247+tlrc"
"248",83,15,"s34B","sender","coop",100,1,1,"truth","trust","2",1891.5169,"waiting",248,"s34B+beta+event_248+tlrc"
"249",83,15,"s34B","sender","coop",100,1,1,"truth","trust","FB",1898.5169,"feedback",249,"s34B+beta+event_249+tlrc"
"250",84,85,"s34B","sender","comp",150,1,1,"lie","trust","1",1907.535,"active",250,"s34B+beta+event_250+tlrc"
"251",84,85,"s34B","sender","comp",150,1,1,"lie","trust","2",1914.535,"waiting",251,"s34B+beta+event_251+tlrc"
"252",84,85,"s34B","sender","comp",150,1,1,"lie","trust","FB",1921.535,"feedback",252,"s34B+beta+event_252+tlrc"
"253",85,60,"s34B","receiver","coop",0,2,2,"truth","trust","1",1950.0002,"waiting",253,"s34B+beta+event_253+tlrc"
"254",85,60,"s34B","receiver","coop",0,2,2,"truth","trust","2",1957.0002,"active",254,"s34B+beta+event_254+tlrc"
"255",85,60,"s34B","receiver","coop",0,2,2,"truth","trust","FB",1964.0002,"feedback",255,"s34B+beta+event_255+tlrc"
"256",86,35,"s34B","receiver","comp",0,2,2,"lie","trust","1",1972.0209,"waiting",256,"s34B+beta+event_256+tlrc"
"257",86,35,"s34B","receiver","comp",0,2,2,"lie","trust","2",1979.0209,"active",257,"s34B+beta+event_257+tlrc"
"258",86,35,"s34B","receiver","comp",0,2,2,"lie","trust","FB",1986.0209,"feedback",258,"s34B+beta+event_258+tlrc"
"259",87,85,"s34B","sender","coop",100,2,2,"truth","trust","1",1994.0434,"active",259,"s34B+beta+event_259+tlrc"
"260",87,85,"s34B","sender","coop",100,2,2,"truth","trust","2",2001.0434,"waiting",260,"s34B+beta+event_260+tlrc"
"261",87,85,"s34B","sender","coop",100,2,2,"truth","trust","FB",2008.0434,"feedback",261,"s34B+beta+event_261+tlrc"
"262",88,20,"s34B","sender","comp",0,2,1,"lie","doubt","1",2014.0641,"active",262,"s34B+beta+event_262+tlrc"
"263",88,20,"s34B","sender","comp",0,2,1,"lie","doubt","2",2021.0641,"waiting",263,"s34B+beta+event_263+tlrc"
"264",88,20,"s34B","sender","comp",0,2,1,"lie","doubt","FB",2028.0641,"feedback",264,"s34B+beta+event_264+tlrc"
"265",89,90,"s34B","receiver","coop",100,2,2,"truth","trust","1",2036.086,"waiting",265,"s34B+beta+event_265+tlrc"
"266",89,90,"s34B","receiver","coop",100,2,2,"truth","trust","2",2043.086,"active",266,"s34B+beta+event_266+tlrc"
"267",89,90,"s34B","receiver","coop",100,2,2,"truth","trust","FB",2050.086,"feedback",267,"s34B+beta+event_267+tlrc"
"268",90,80,"s34B","receiver","comp",150,2,1,"lie","doubt","1",2059.1251,"waiting",268,"s34B+beta+event_268+tlrc"
"269",90,80,"s34B","receiver","comp",150,2,1,"lie","doubt","2",2066.1251,"active",269,"s34B+beta+event_269+tlrc"
"270",90,80,"s34B","receiver","comp",150,2,1,"lie","doubt","FB",2073.1251,"feedback",270,"s34B+beta+event_270+tlrc"
"271",91,40,"s34B","sender","coop",100,1,1,"truth","trust","1",2081.142,"active",271,"s34B+beta+event_271+tlrc"
"272",91,40,"s34B","sender","coop",100,1,1,"truth","trust","2",2088.142,"waiting",272,"s34B+beta+event_272+tlrc"
"273",91,40,"s34B","sender","coop",100,1,1,"truth","trust","FB",2095.142,"feedback",273,"s34B+beta+event_273+tlrc"
"274",92,90,"s34B","sender","comp",0,2,2,"truth","trust","1",2104.1612,"active",274,"s34B+beta+event_274+tlrc"
"275",92,90,"s34B","sender","comp",0,2,2,"truth","trust","2",2111.1612,"waiting",275,"s34B+beta+event_275+tlrc"
"276",92,90,"s34B","sender","comp",0,2,2,"truth","trust","FB",2118.1612,"feedback",276,"s34B+beta+event_276+tlrc"
"277",93,75,"s34B","receiver","coop",100,2,2,"truth","trust","1",2127.1788,"waiting",277,"s34B+beta+event_277+tlrc"
"278",93,75,"s34B","receiver","coop",100,2,2,"truth","trust","2",2134.1788,"active",278,"s34B+beta+event_278+tlrc"
"279",93,75,"s34B","receiver","coop",100,2,2,"truth","trust","FB",2141.1788,"feedback",279,"s34B+beta+event_279+tlrc"
"280",94,80,"s34B","receiver","comp",150,2,2,"truth","trust","1",2152.1967,"waiting",280,"s34B+beta+event_280+tlrc"
"281",94,80,"s34B","receiver","comp",150,2,2,"truth","trust","2",2159.1967,"active",281,"s34B+beta+event_281+tlrc"
"282",94,80,"s34B","receiver","comp",150,2,2,"truth","trust","FB",2166.1967,"feedback",282,"s34B+beta+event_282+tlrc"
"283",95,20,"s34B","sender","coop",100,1,1,"truth","trust","1",2174.2161,"active",283,"s34B+beta+event_283+tlrc"
"284",95,20,"s34B","sender","coop",100,1,1,"truth","trust","2",2181.2161,"waiting",284,"s34B+beta+event_284+tlrc"
"285",95,20,"s34B","sender","coop",100,1,1,"truth","trust","FB",2188.2161,"feedback",285,"s34B+beta+event_285+tlrc"
"286",96,35,"s34B","sender","comp",0,1,1,"truth","trust","1",2200.2338,"active",286,"s34B+beta+event_286+tlrc"
"287",96,35,"s34B","sender","comp",0,1,1,"truth","trust","2",2207.2338,"waiting",287,"s34B+beta+event_287+tlrc"
"288",96,35,"s34B","sender","comp",0,1,1,"truth","trust","FB",2214.2338,"feedback",288,"s34B+beta+event_288+tlrc"
"289",97,40,"s34B","receiver","coop",100,1,1,"truth","trust","1",2224.2537,"waiting",289,"s34B+beta+event_289+tlrc"
"290",97,40,"s34B","receiver","coop",100,1,1,"truth","trust","2",2231.2537,"active",290,"s34B+beta+event_290+tlrc"
"291",97,40,"s34B","receiver","coop",100,1,1,"truth","trust","FB",2238.2537,"feedback",291,"s34B+beta+event_291+tlrc"
"292",98,15,"s34B","receiver","comp",150,1,1,"truth","trust","1",2247.2716,"waiting",292,"s34B+beta+event_292+tlrc"
"293",98,15,"s34B","receiver","comp",150,1,1,"truth","trust","2",2254.2716,"active",293,"s34B+beta+event_293+tlrc"
"294",98,15,"s34B","receiver","comp",150,1,1,"truth","trust","FB",2261.2716,"feedback",294,"s34B+beta+event_294+tlrc"
"295",99,75,"s34B","sender","coop",100,2,2,"truth","trust","1",2268.2896,"active",295,"s34B+beta+event_295+tlrc"
"296",99,75,"s34B","sender","coop",100,2,2,"truth","trust","2",2275.2896,"waiting",296,"s34B+beta+event_296+tlrc"
"297",99,75,"s34B","sender","coop",100,2,2,"truth","trust","FB",2282.2896,"feedback",297,"s34B+beta+event_297+tlrc"
"298",100,10,"s34B","sender","comp",150,1,2,"truth","doubt","1",2292.3081,"active",298,"s34B+beta+event_298+tlrc"
"299",100,10,"s34B","sender","comp",150,1,2,"truth","doubt","2",2299.3081,"waiting",299,"s34B+beta+event_299+tlrc"
"300",100,10,"s34B","sender","comp",150,1,2,"truth","doubt","FB",2306.3081,"feedback",300,"s34B+beta+event_300+tlrc"
"301",101,65,"s34B","receiver","coop",0,2,2,"truth","trust","1",2316.3263,"waiting",301,"s34B+beta+event_301+tlrc"
"302",101,65,"s34B","receiver","coop",0,2,2,"truth","trust","2",2323.3263,"active",302,"s34B+beta+event_302+tlrc"
"303",101,65,"s34B","receiver","coop",0,2,2,"truth","trust","FB",2330.3263,"feedback",303,"s34B+beta+event_303+tlrc"
"304",102,25,"s34B","receiver","comp",0,2,1,"truth","doubt","1",2337.3446,"waiting",304,"s34B+beta+event_304+tlrc"
"305",102,25,"s34B","receiver","comp",0,2,1,"truth","doubt","2",2344.3446,"active",305,"s34B+beta+event_305+tlrc"
"306",102,25,"s34B","receiver","comp",0,2,1,"truth","doubt","FB",2351.3446,"feedback",306,"s34B+beta+event_306+tlrc"
"307",103,10,"s34B","sender","coop",100,1,1,"truth","trust","1",2358.3648,"active",307,"s34B+beta+event_307+tlrc"
"308",103,10,"s34B","sender","coop",100,1,1,"truth","trust","2",2365.3648,"waiting",308,"s34B+beta+event_308+tlrc"
"309",103,10,"s34B","sender","coop",100,1,1,"truth","trust","FB",2372.3648,"feedback",309,"s34B+beta+event_309+tlrc"
"310",104,70,"s34B","sender","comp",0,2,2,"truth","trust","1",2383.3833,"active",310,"s34B+beta+event_310+tlrc"
"311",104,70,"s34B","sender","comp",0,2,2,"truth","trust","2",2390.3833,"waiting",311,"s34B+beta+event_311+tlrc"
"312",104,70,"s34B","sender","comp",0,2,2,"truth","trust","FB",2397.3833,"feedback",312,"s34B+beta+event_312+tlrc"
"313",105,25,"s34B","receiver","coop",0,1,1,"truth","trust","1",2407.4037,"waiting",313,"s34B+beta+event_313+tlrc"
"314",105,25,"s34B","receiver","coop",0,1,1,"truth","trust","2",2414.4037,"active",314,"s34B+beta+event_314+tlrc"
"315",105,25,"s34B","receiver","coop",0,1,1,"truth","trust","FB",2421.4037,"feedback",315,"s34B+beta+event_315+tlrc"
"316",106,15,"s34B","receiver","comp",0,2,2,"lie","trust","1",2428.422,"waiting",316,"s34B+beta+event_316+tlrc"
"317",106,15,"s34B","receiver","comp",0,2,2,"lie","trust","2",2435.422,"active",317,"s34B+beta+event_317+tlrc"
"318",106,15,"s34B","receiver","comp",0,2,2,"lie","trust","FB",2442.422,"feedback",318,"s34B+beta+event_318+tlrc"
"319",107,85,"s34B","sender","coop",100,2,2,"truth","trust","1",2452.4402,"active",319,"s34B+beta+event_319+tlrc"
"320",107,85,"s34B","sender","coop",100,2,2,"truth","trust","2",2459.4402,"waiting",320,"s34B+beta+event_320+tlrc"
"321",107,85,"s34B","sender","coop",100,2,2,"truth","trust","FB",2466.4402,"feedback",321,"s34B+beta+event_321+tlrc"
"322",108,30,"s34B","sender","comp",150,1,2,"truth","doubt","1",2476.4606,"active",322,"s34B+beta+event_322+tlrc"
"323",108,30,"s34B","sender","comp",150,1,2,"truth","doubt","2",2483.4606,"waiting",323,"s34B+beta+event_323+tlrc"
"324",108,30,"s34B","sender","comp",150,1,2,"truth","doubt","FB",2490.4606,"feedback",324,"s34B+beta+event_324+tlrc"
"325",109,65,"s34B","receiver","coop",100,2,2,"truth","trust","1",2500.4787,"waiting",325,"s34B+beta+event_325+tlrc"
"326",109,65,"s34B","receiver","coop",100,2,2,"truth","trust","2",2507.4787,"active",326,"s34B+beta+event_326+tlrc"
"327",109,65,"s34B","receiver","coop",100,2,2,"truth","trust","FB",2514.4787,"feedback",327,"s34B+beta+event_327+tlrc"
"328",110,30,"s34B","receiver","comp",0,2,1,"truth","doubt","1",2519.4973,"waiting",328,"s34B+beta+event_328+tlrc"
"329",110,30,"s34B","receiver","comp",0,2,1,"truth","doubt","2",2526.4973,"active",329,"s34B+beta+event_329+tlrc"
"330",110,30,"s34B","receiver","comp",0,2,1,"truth","doubt","FB",2533.4973,"feedback",330,"s34B+beta+event_330+tlrc"
"331",111,60,"s34B","sender","coop",0,1,1,"lie","trust","1",2540.518,"active",331,"s34B+beta+event_331+tlrc"
"332",111,60,"s34B","sender","coop",0,1,1,"lie","trust","2",2547.518,"waiting",332,"s34B+beta+event_332+tlrc"
"333",111,60,"s34B","sender","coop",0,1,1,"lie","trust","FB",2554.518,"feedback",333,"s34B+beta+event_333+tlrc"
"334",112,70,"s34B","sender","comp",150,1,1,"lie","trust","1",2560.5365,"active",334,"s34B+beta+event_334+tlrc"
"335",112,70,"s34B","sender","comp",150,1,1,"lie","trust","2",2567.5365,"waiting",335,"s34B+beta+event_335+tlrc"
"336",112,70,"s34B","sender","comp",150,1,1,"lie","trust","FB",2574.5365,"feedback",336,"s34B+beta+event_336+tlrc"
